Model,RMSE
RandomWalk,0.01114551838855691
Lasso,0.011142044098808927
