Model,RMSE
RandomWalk_level,46.27898132117347
Lasso_level_level,46.265209022134506
