Model,RMSE
RandomWalk,0.011137657122729908
Lasso_level,0.011134252520897562
